keyword,comment
услуги,"ПЗР/услуги партии — угол не влияет"
всп.раб,"Всп.работы / Всп. работы / Всп.раб. — варианты написания"
вспомогательныеработы,"полное написание без сокращения"
калибровк,калибровка на скважине
тех.дежурство,технологическое дежурство
технологическоедежурство,полное написание
работакомпл.партии,работа компл.партии в действ.фонде
работапартии,работа партии
переезд,переезды всех видов (комп.партии, перфораторной партии, ЛПС и т.д.)
дефект,"дефектоскопия, дефект.и толщин. — работы спецкабелем, угол не влияет"
толщинометри,толщинометрия колонны
спецкаб,работы спецкабелем (С/п на спецкаб., услуги/работа спец.парт. на спецкабеле)
получение,"получение перфораторных зарядов / зарядов АДС, ПГД/БК, ПГРИ — работа на поверхности, угол не влияет"
снаряжение,снаряжение перфоратора — работа на поверхности
работаперфораторнойпартии,работа перфораторной партии
