rate_number;name;unit;price_2023;price_2024;price_2025;price_2026
1807;Мобилизация и демобилизация азотного оборудования;опер.;183498.9;188269.87;192035.27;195875.97
1813;Мобилизация и демобилизация ГНКТ (без азотного оборудования);опер.;470509.66;482742.91;492397.77;502245.72
1819;Переезд ЛПС;км;77.55;79.56;81.16;82.78
1820;Переезд Автокрана;км;72.22;74.09;75.57;77.08
1830;Мобилизация или демобилизация оборудования STAR;опер.;147034.01;150856.89;153874.03;156951.51
1831;Мобилизация или демобилизация оборудования X-MAC;опер.;147034.01;150856.89;153874.03;156951.51
1832;Мобилизация или демобилизация оборудования ГДК-ОПК (RCI);опер.;235255.12;241371.76;246199.19;251123.17
1833.1;Мобилизация или демобилизация оборудования АКП-90ХД;опер.;132331.08;135771.69;138487.13;141256.87
1836;Проезд партии по ликвидации гидрато-парафиновой пробки (ЛГПО);км;98.26;100.82;102.84;104.89
1837;Переезд флота ГНКТ;км;4117.03;4224.08;4308.56;4394.73
1838;Переезд Азотного оборудования;км;1117.61;1146.67;1169.6;1192.99
1839;Доставка ВМ или оборудования (автотранспортом);опер.;131293.39;134707.01;137401.15;140149.18
1845;"Мобилизация или демобилизация ТК ""Латераль""";км;188.83;193.74;197.62;201.57
1856;Мобилизация или демобилизация оборудования MREX;опер.;147034.01;150856.89;153874.03;156951.51
1859;Переезд АН-700;км;136.15;139.69;142.48;145.33
1861;Мобилизация или демобилизация оборудования для каротажа в процессе бурения;опер.;241136.18;247405.72;252353.83;257400.91
1018;Технологическое дежурство КАСП;час;8116.27;8327.29;8493.84;8663.72
1120;Работа партии по ликвидации гидрато-парафиновой пробки (ЛГПО);час;4944.58;5073.14;5174.6;5278.1
1121;Технологическое дежурство (простой) партии по ликвидации гидрато-парафиновой пробки (ЛГПО);час;3905.11;4006.65;4086.78;4168.51
6059;Каротаж в процессе бурения методами ГК, ГГКп, УЭС, НК (запись в память приборов) - рабочая ставка;сутки;611662.61;627565.84;640117.16;652919.5
6059.1;Каротаж в процессе бурения методами ГК, ГГКп, УЭС, НК (запись в память приборов) - ставка ожидания;сутки;428163.71;439295.97;448081.89;457043.52
6060;Каротаж в процессе бурения методами ГК, ГГКп, УЭС, НК (запись в реальном времени) - рабочая ставка;сутки;764578.27;784457.3;800146.45;816149.37
6060.1;Каротаж в процессе бурения методами ГК, ГГКп, УЭС, НК (запись в реальном времени) - ставка ожидания;сутки;535204.79;549120.11;560102.51;571304.56
1000;Исследования КАСП - ГК, 2ННК, ИК (ВИКИЗ), ПС, Инклинометрия;1 м;1712.52;1757.05;1792.18;1828.03
1002;Исследования КАСП - ГК, ЛМ, АКЦ, ГГЦ  до 500м;опер.;428163.71;439295.97;448081.89;457043.52
1003;Исследования КАСП - ГК, ЛМ, АКЦ, ГГЦ  свыше 500м;1 м;856.56;878.83;896.4;914.33
1033;Исследования КАСП - ГК, ЛМ, АКЦ, ГГЦ свыше 1000м;опер.;1117460.36;1146514.33;1169444.62;1192833.51
1004;Исследования КАСП - ГГК-П;опер.;367048.12;376591.37;384123.2;391805.66
1005;Исследование КАСП - АК (АКЦ);опер.;367048.12;376591.37;384123.2;391805.66
1006;Исследования КАСП - АСПГ;опер.;367048.12;376591.37;384123.2;391805.66
1007;Исследование КАСП - 2БК;опер.;367048.12;376591.37;384123.2;391805.66
1008;Исследование КАСП - Сегментная акустическая цементометрия (МАК-СК, аналог SBT);опер.;550496.12;564809.02;576105.2;587627.3
1010;Исследования КАСП - ГГЦ;опер.;214082.15;219648.28;224041.25;228522.07
1017;Исследование КАСП - АВАК-11;опер.;1340952.79;1375817.56;1403333.91;1431400.59
1025;Исследования КАСП - ГК, ЛМ, АКЦ-С, ГГЦ;опер.;529323.73;543086.15;553947.87;565026.83
1026;Исследования КАСП - ГК, ЛМ, АКЦ-С, ГГЦ (термобаростойкая аппаратура);опер.;705764.78;724114.67;738596.96;753368.9
1027;Исследование КАСП - ИННК до 500м;опер.;494035.05;506879.96;517017.56;527357.91
1028;Исследование КАСП - ИННК свыше 500м;1 м;1294.01;1327.66;1354.21;1381.29
1029;Исследование КАСП - 5БК;опер.;529323.73;543086.15;553947.87;565026.83
1030;Исследование КАСП - ГГК-ЛП;опер.;529323.73;543086.15;553947.87;565026.83
1032;Исследование КАСП - СГК;опер.;494035.05;506879.96;517017.56;527357.91
1043;Исследование КАСП - АСТ;опер.;529323.73;543086.15;553947.87;565026.83
1044;Исследование КАСП - УЗЦ;опер.;529323.73;543086.15;553947.87;565026.83
1045;Исследования КАСП - ГК, ИК;1 м;684.89;702.7;716.75;731.09
1046;Исследования КАСП - ГК, Инклинометрия;1 м;599.65;615.24;627.55;640.1
1300;Исследования ЯМК интервал до 100м;опер.;529323.73;543086.15;553947.87;565026.83
1301;Исследования ЯМК интервал от 101м до 200м;опер.;999833.39;1025829.06;1046345.64;1067272.55
1302;Исследования ЯМК интервал от 201м до 300м;опер.;1411528.97;1448228.72;1477193.3;1506737.17
1303;Исследования ЯМК интервал от 301м за каждые 100м;опер.;176441.05;181028.52;184649.08;188342.07
1304;Применение устройства для доставки аппаратуры ЯМК на бурильных трубах;опер.;617544.26;633600.41;646272.41;659197.86
1305;Кросс-дипольный акустический каротаж (АВАК-11) интервал до 300м;опер.;952782.01;977554.34;997105.43;1017047.54
1331;Кросс-дипольный акустический каротаж (АВАК-11) интервал от 301м за каждые 100м;опер.;176441.05;181028.52;184649.08;188342.07
1306;Электрический каротаж через эксплуатационную колонну (НЭК) интервал до 100м;опер.;775164.75;795319.03;811225.41;827449.92
1307;Исследование скважин с применением многорычажного профилемера;опер.;223491.84;229302.62;233888.68;238566.45
1308;Исследование скважин с применением сканирующего влагомера (по технологии PLT);опер.;489397.1;502121.42;512163.85;522407.13
1311;Спектрометрический нейтронный гамма-каротаж (СНГК);опер.;361263.56;370656.41;378069.54;385630.93
1312;Импульсный нейтрон-нейтронный каротаж (ИННК) малогабаритный интервал до 100м;опер.;370526.44;380160.12;387763.32;395518.59
1316;Импульсный нейтрон-нейтронный каротаж (ИННК) малогабаритный интервал от 101м за каждые 100м;опер.;37052.7;38016.07;38776.39;39551.92
1313;Исследование скважин с применением малогабаритного гироскопического инклинометра;опер.;305873.93;313826.65;320103.18;326505.25
1314;Отбор глубинных проб пробоотборником ВПП (до 3-х проб);опер.;250546.45;257060.66;262201.87;267445.91
1352;Отбор глубинных проб пробоотборником ПЭВТ (до 3-х проб);опер.;458746.96;470674.38;480087.87;489689.62
1315;Исследование скважин с применением технологии РКР;опер.;431304.61;442518.53;451368.91;460396.28
1317;Литоплотностной каротаж (СГПЛ);опер.;370526.44;380160.12;387763.32;395518.59
1321;Цементометрия прибором АСТ-К-80-120/80 М 1:200;опер.;377584.29;387401.48;395149.51;403052.5
1322;Цементометрия прибором АСТ-К-80-120/80 М 1:100;опер.;584608.59;599808.41;611804.58;624040.67
1323;"Регистрация в режиме ""Имиджер"" прибором АСТ-К-80-120/80 М 1:100";опер.;377584.29;387401.48;395149.51;403052.5
1324;"Регистрация в режиме ""Имиджер"" прибором АСТ-К-80-120/80 М 1:50";опер.;584608.59;599808.41;611804.58;624040.67
1326;Технология закачки меченной жидкости с применением ИННК;опер.;970426.35;995657.44;1015570.58;1035881.99
1330;Спектрометрический гамма-каротаж (СГК);опер.;370526.44;380160.12;387763.32;395518.59
1332;Исследование скважин с применением фокусированного 5-зондового бокового каротажа (ЭК-ВР);опер.;646950.7;663771.42;677046.85;690587.78
1338;Исследование скважин методом спектральной шумометрии;опер.;470509.66;482742.91;492397.77;502245.72
1340;Исследования скважин с применением сканирующего температурного расходомера (СТИ);опер.;352882.09;362057.03;369298.17;376684.13
1350;Геохимический каротаж с применением импульсного генератора нейтронов (интервал до 300м);опер.;2352548.88;2413715.15;2461989.45;2511229.24
1355;Кросс-дипольный акустический каротаж (АКП-90ХД) первые 500м;опер.;2352548.88;2413715.15;2461989.45;2511229.24
1355.1;Кросс-дипольный акустический каротаж (АКП-90ХД), за каждые последующие 100м;опер.;129390.26;132754.4;135409.49;138117.68
1304.1;Применение устройства для доставки аппаратуры АКП-90ХД на бурильных трубах;опер.;705764.78;724114.67;738596.96;753368.9
1400;"ТК ""Латераль"". Определение профиля притока, источников обводнения и КВД при компрессировании (до 72 часов)";опер.;705764.78;724114.67;738596.96;753368.9
1401;"ТК ""Латераль"". Технологическое дежурство (работа) свыше 72 часов";час;5998.85;6154.82;6277.92;6403.47
1402;Исследование скважины с применением струйного насоса без эксплуатации агрегата АН-700;сутки;206435.9;211803.23;216039.29;220360.07
1403;Исследование скважины с применением струйного насоса с эксплуатацией агрегата АН-700;сутки;330532.91;339126.77;345909.3;352827.49
2002;Комплекс работ по газодинамическим исследованиям скважин (Полевые исследования);опер.;682239.39;699977.61;713977.16;728256.71
2003;Комплекс работ по газодинамическим исследованиям скважин (Лабораторные исследования);опер.;541086.43;555154.68;566257.77;577582.93
3020;Установка или снятие (пакера, дифференциальной камеры, шламоуловителя) за 1 единицу;опер.;794.4;815.05;831.36;847.98
1900;Сервисный тариф при работе с оборудованием по доставке приборов на забой ГС (ПЗР на базе и скважине);опер.;823392.34;844800.55;861696.56;878930.49
1901;Эксплуатация оборудования по доставке приборов на забой ГС при производстве ГИС (до 3-х суток);опер.;2176107.83;2232686.63;2277340.37;2322887.17
1902;Сервисный тариф на геофизические услуги (геоф. приборы, интерпретация, выдача заключения);опер.;823392.34;844800.55;861696.56;878930.49
1903;Услуги ГНКТ по подготовке скважины к ПГИ (промывка скважины);опер.;593242.22;608666.52;620839.85;633256.65
1909;Часовая рабочая ставка ГНКТ (без азотного оборудования);час;35288.09;36205.58;36929.69;37668.29
1910;Отмененная операция ГНКТ;опер.;694472.09;712528.37;726778.94;741314.52
1911;Невыполненная операция ГНКТ;опер.;1117930.96;1146997.17;1169937.11;1193335.85
1914;Стоимость КНБК при промывке скважин;час;11644.9;11947.66;12186.62;12430.35
1650;Эксплуатация автокрана (20т);час;2522.9;2588.5;2640.27;2693.08
1658;Эксплуатация азотной установки (оборудования) - Сервисный тариф (ПЗР на базе и скважине) (Базовая рабочая ставка);опер.;468627.84;480812.16;490428.41;500236.97
1659;Эксплуатация азотной установки (оборудования) (Часовая рабочая ставка);час;19526.16;20033.84;20434.52;20843.21
1660;Услуги азотной установки по подготовке скважины к ПГИ (промывка скважины);опер.;161149.72;165339.61;168646.4;172019.33
1661;Отмененная операция при эксплуатации азотной установки (оборудования);опер.;417812.82;428675.96;437249.48;445994.47
1662;Невыполненная операция при эксплуатации азотной установки (оборудования);опер.;652126.74;669082.04;682463.68;696112.95
1664;Эксплуатация агрегата АН-700;час;5160.65;5294.82;5400.72;5508.73
3219;X-MAC, за глубину;1 м;549.92;564.22;575.5;587.01
3220;X-MAC, за запись;1 м;1213.5;1245.05;1269.96;1295.36
3221;АК Обработка интервального времени (продольные волны);1 м;172.85;177.34;180.89;184.51
3222;АК Обработка интервального времени (поперечные волны);1 м;172.85;177.34;180.89;184.51
3223;АК Обработка интервального времени (волны Стоунли);1 м;172.85;177.34;180.89;184.51
3224;АК Анализ Азимутальной анизотропии;1 м;505.53;518.67;529.04;539.62
3225;АК оценка трещинноватости;1 м;162.2;166.41;169.74;173.13
3226;STAR, за глубину;1 м;687.85;705.73;719.84;734.24
3227;STAR, за запись;1 м;1192.79;1223.8;1248.27;1273.24
3228;STAR обработка имиджа;1 м;809.2;830.24;846.84;863.78
3229;STAR Ручная обработка для выделения углов падения пластов;1 м;809.2;830.24;846.84;863.78
3230;STAR Анализ выбоин ствола;1 м;574.19;589.12;600.9;612.92
3231;STAR Характеризация трещин;1 м;1712.52;1757.05;1792.18;1828.03
3284;MREX, за глубину;1 м;958.37;983.29;1002.95;1023.01
3285;MREX, за запись;1 м;1070.25;1098.08;1120.04;1142.44
3232;Сервисный тариф (STAR, X-MAC, MREX);опер.;232902.11;238957.57;243736.72;248611.45
3233;Инженер - специалист (STAR, X-MAC, MREX);сутки;61486.15;63084.79;64346.49;65633.42
3234;Каротажная бригада (STAR, X-MAC, MREX);сутки;76857.99;78856.3;80433.42;82042.09
3235;Набор инструмента для каротажа на трубах;сутки;153715.38;157711.98;160866.22;164083.54
3237;Боковая врезка;сутки;25619.13;26285.23;26810.93;27347.15
3238;Специалист каротажа на трубах (STAR, X-MAC, MREX);сутки;76857.99;78856.3;80433.42;82042.09
3239;Сервисный тариф при каротаже на трубах для X-MAC, STAR, MREX;опер.;970600.39;995836.0;1015752.72;1036067.77
1634;"Интерпретация материалов ГИС с применением ПМК ""Ginero"" (Количественное определение профиля притока в горизонтальных скважинах)";опер.;201072.8;206300.69;210426.71;214635.24
1635;"Интерпретация материалов ГИС с применением ПМК ""Ginero"" Количественное определение профиля притока в наклонно-направленных скважинах)";опер.;150804.16;154725.06;157819.56;160975.96
1636;"Интерпретация материалов ГИС с применением ПМК ""Ginero"" (Количественное определение технического состояния и определение профиля притока в горизонтальных скважинах)";опер.;301608.91;309450.74;315639.75;321952.55
1637;"Интерпретация материалов ГИС с применением ПМК ""Ginero"" (Количественное определение технического состояния и определение профиля притока в наклонно-направлен.скважинах)";опер.;201072.8;206300.69;210426.71;214635.24
1638;"Интерпретация материалов ГИС с применением ПМК ""Фазовый профиль"" (Количественное определение профиля притока по каждой фазе в горизонтальных скважинах)";опер.;301608.91;309450.74;315639.75;321952.55
1639;"Интерпретация материалов ГИС с применением ПМК ""Фазовый профиль"" (Количественное определение профиля притока по каждой фазе в наклонно-направлен.скважинах)";опер.;201072.8;206300.69;210426.71;214635.24
1481.1;Интерпретация замеров ЗТС (интерпретация инклинометрии);опер.;17644.34;18103.09;18465.16;18834.46
