номер_расценки,норма_времени,стоимость_руб
001,112,3 836.21
005,112,2 618.26
006,152,3 556.90
007,352,8 216.47
008,292,7 175.61
009,0,121.12
010,490,13 302.97
011,0,161.29
012,78,953.52
013,120,3 863.50
014,141,3 297.76
015,96,1 638.39
016,1.7,18.94
017,8,89.12
018,136,2 321.06
022,120,1 707.12
023,120,1 707.12
024,120,1 670.96
025,120,1 689.92
026,120,1 703.83
027,120,1 698.37
028,120,1 432.33
029,120,1 403.09
030,120,3 437.78
031,90,1 282.62
032,140,1 821.42
045,3,183.29
046,3.3,201.00
047,24,1 284.79
048,3.4,154.52
049,4.1,185.10
050,3.4,169.37
051,4.1,203.01
052,15,571.87
053,24,914.99
054,15,637.37
055,24,1 019.79
056,5,359.24
057,7.5,535.86
059,24,1 562.14
060,8.1,359.84
061,15,571.87
062,24,914.99
063,3.7,167.63
064,7.5,245.62
065,15,967.73
066,24,914.99
067,3.7,168.73
069,50,1 921.05
070,24,922.10
073,20,762.49
074,34,1 296.24
075,9.5,229.90
076,17.5,418.45
077,65,1 537.97
078,30,540.28
079,24,432.23
080,9.5,229.90
081,17.5,418.45
082,65,1 537.98
083,30,540.28
084,27.5,495.26
085,9.5,235.44
086,17.5,487.50
087,65,1 410.24
088,30,458.54
089,27.5,422.66
090,13.2,261.31
091,25.2,493.42
092,65,1 263.24
093,30,412.43
094,24,379.02
100,13.2,261.31
101,25.2,493.42
102,65,1 263.24
103,30,413.48
104,27.5,379.02
134,386,43 313.59
139,12,296.16
148,12,245.87
150,50,946.26
151,24,454.21
153,50,946.26
158,27,675.56
159,60,1 501.24
160,336,7 656.31
161,306,8 406.93
162,120,6 391.80
167,3,137.05
168,6,228.75
169,30,1 310.53
170,60,2 627.05
171,60,2 287.48
172,34,1 296.24
173,4.8,234.44
174,6,291.55
175,58,2 503.40
176,34,1 467.51
177,3,133.66
178,6,261.33
179,20,762.49
180,34,1 296.24
181,8,126.54
182,18,286.72
183,5,79.09
184,17,237.40
185,27.5,384.02
186,6,290.71
187,12,575.43
188,5,242.48
189,17,712.19
190,27.5,1 152.07
191,9,436.46
192,18,878.92
193,5,242.48
194,30,1 288.09
195,27.5,1 180.75
196,9,358.80
197,18,723.61
198,5,199.34
199,30,1 029.23
200,27.5,943.46
201,7.4,218.84
202,6,178.57
203,30,696.08
204,24,556.86
205,7,201.34
206,30,401.68
207,38,508.80
208,21,773.70
210,24,465.22
212,0.6,12.05
214,1.1,22.38
215,2.1,44.94
216,3.6,74.02
217,10,180.12
218,30,581.52
219,17,235.02
220,2.21,36.91
221,1.96,32.73
222,4.5,500.98
223,37,640.55
225,109.1,1 826.14
226,59.1,991.17
227,78,1 306.79
228,2.7,59.35
229,125,2 747.73
230,100,2 547.40
231,24,4 764.22
232,92,12 293.04
234,24,2 733.56
239,6,119.01
240,30,572.96
241,15,200.33
242,28,373.94
243,7.5,147.39
244,40,762.11
245,15,200.33
246,28,373.94
247,16.2,311.94
248,60,1 071.33
249,15,183.06
250,28,373.94
251,6.9,124.55
252,15,175.36
253,28,373.94
254,40,868.27
255,50,1 026.40
257,86,1 761.44
258,30,444.36
259,37.5,557.18
260,16,458.31
261,50,1 420.49
262,41.5,943.70
263,16,363.84
264,27.5,625.35
265,6,119.57
266,12,233.61
267,30,403.44
268,38,511.02
269,2.8,59.43
270,6,121.04
271,30,410.77
272,38,520.31
273,34.3,653.89
274,60,1 062.33
275,30,400.30
276,38,507.05
277,6,120.27
278,30,579.26
279,59,1 063.23
280,5,97.64
281,30,406.95
282,38,623.98
283,59,1 090.10
284,4.5,82.72
285,3.2,58.82
286,38,487.28
287,30,384.69
289,59,1 151.79
290,30,308.19
291,38,527.01
292,6.5,125.58
293,43.2,803.41
294,38,490.58
295,3.5,65.12
296,30,387.30
298,12,233.61
299,65,1 241.00
301,3.5,66.53
304,60,2 135.40
305,45,938.00
306,30,458.55
307,38,580.83
308,18,326.76
309,32.4,590.49
310,30,374.85
311,38,474.81
312,158,2 085.35
313,259,3 418.39
314,30,395.95
315,305,4 025.52
316,359,4 738.24
317,15,306.47
318,30,607.41
319,30,435.10
320,24,783.18
326,60,876.68
327,60,494.91
329,60,888.17
330,60,1 807.07
331,60,1 574.90
332,60,1 689.69
333,60,1 307.67
335,60,1 310.89
336,60,2 577.99
337,60,2 135.40
338,60,735.47
339,60,576.40
340,60,953.07
341,60,2 343.90
346,1.18,49.98
347,1.70,71.94
348,2.70,78.01
349,1.50,64.57
350,1.50,92.71
351,1.50,65.16
352,1.00,15.51
353,3.20,92.45
354,1.65,31.79
355,1.25,25.11
356,1.60,40.63
357,0.85,20.19
358,1.22,26.37
359,1.18,18.21
360,1.18,67.92
361,1.45,28.45
362,23.16,325.77
363,15.85,222.94
364,20.00,281.32
365,3.30,103.55
366,1.70,24.37
367,2.00,87.14
368,1.60,61.52
369,1.90,71.19
370,2.50,89.27
371,3.50,115.28
372,1.60,45.75
373,1.90,52.45
374,2.50,64.62
375,3.50,85.79
376,1.60,42.90
377,1.90,49.07
378,2.50,60.17
379,3.50,42.90
380,1.60,38.66
381,1.90,43.84
382,2.50,52.89
383,3.50,69.01
384,1.60,41.74
385,1.90,47.49
386,2.50,57.69
387,3.50,75.74
388,1.60,24.02
389,1.90,27.34
390,2.50,33.26
391,3.50,43.71
392,1.60,43.53
393,1.90,50.52
394,2.50,63.75
395,3.50,86.40
396,1.60,26.24
397,1.90,29.98
398,2.50,36.74
399,3.50,48.57
400,1.60,19.40
401,1.90,21.81
402,2.50,26.05
403,3.50,33.61
405,10,163.70
416,1.60,22.21
417,1.90,25.21
418,2.50,30.41
419,3.50,39.71
424,96,1 173.56
425,60,1 307.67
426,60,750.25
427,3,87.59
428,6,169.19
429,20,419.55
430,34,713.23
431,30,822.04
447,6,445.51
448,12,882.30
449,27.5,1 909.81
450,1.30,103.36
451,60,3 497.61
452,28,1 485.24
453,1,77.34
454,60,211.11
455,2,9.24
456,2,10.45
457,2.5,12.57
458,3.50,16.34
463,163,13 409.76
464,60,10 156.06
465,60,5 108.78
466,4,503.16
467,15,978.84
468,30,1 616.09
469,17,810.40
470,50,2 292.16
471,60,2 830.51
472,16,729.75
473,30,1 310.60
474,120,6 142.61
475,120,5 720.45
476,120,5 455.38
477,120,5 592.21
478,1.6,160.30
479,1.9,185.49
480,2.5,233.07
481,3.5,314.60
482,1367,"229 968,81"
483,90,10 790.83
484,16,1 918.37
485,14,1 608.20
486,1.1,131.89
487,50,2 506.63
488,15,751.99
489,24,1 092.20
490,1.18,59.16
491,-,178 732.08
0721,30,1 813.98
0722,30,1 316.52
1000,,1 456.00
1000,,1 456.00
1002,,364 000.00
1002,,364 000.00
1003,,728.00
1003,,728.00
1004,,312 043.00
1004,,312 043.00
1005,,312 043.00
1005,,312 043.00
1006,,312 043.00
1006,,312 043.00
1007,,312 043.00
1007,,312 043.00
1008,,468 000.00
1008,,468 000.00
1010,,182 000.00
1010,,182 000.00
1017,,1 140 000.00
1017,,1 140 000.00
1018,,6 900.00
1018,,6 900.00
1025,,450 000.00
1025,,450 000.00
1026,,600 000.00
1026,,600 000.00
1027,,420 000.00
1027,,420 000.00
1028,,1 100.00
1028,,1 100.00
1029,,450 000.00
1029,,450 000.00
1030,,450 000.00
1030,,450 000.00
1032,,420 000.00
1032,,420 000.00
1033,,950 000.00
1033,,950 000.00
1043,,450 000.00
1043,,450 000.00
1044,,450 000.00
1045,,582.40
1046,,509.60
1100,,54 216.75
1100,,53 896.00
1101,,35 317.05
1101,,53 896.00
1102,,34 900.00
1102,,25 350.00
1103,,25 348.25
1104,,29 947.50
1105,,121 850.00
1105,,121 850.00
1120,,2 900.00
1120,,2 623.40
1121,,2 000.00
1121,,1 836.38
1123,,49 331.60
1123,,49 331.60
1124,,44 585.10
1124,,44 585.10
1140,,29 064.00
1160,,1 260 000.00
1160,,1 260 000.00
1161,,600 000.00
1161,,600 000.00
1300,,450 000.00
1300,,400 000.00
1301,,850 000.00
1301,,800 000.00
1302,,1 200 000.00
1302,,1 200 000.00
1303,,150 000.00
1303,,150 000.00
1304,,525 000.00
1304,,525 000.00
1305,,810 000.00
1305,,811 311.15
1306,,659 000.00
1306,,659 190.68
1307,,190 000.00
1307,,190 125.00
1308,,416 057.00
1308,,416 057.00
1309,,400 500.00
1309,,400 584.60
1310,,350 000.00
1310,,341 250.00
1311,,307 125.00
1311,,307 125.00
1312,,315 000.00
1312,,307 125.00
1313,,260 036.00
1313,,260 036.00
1314,,213 000.00
1314,,212 969.25
1315,,357 115.50
1315,,357 503.25
1316,,31 500.00
1316,,30 712.50
1317,,315 000.00
1317,,315 000.00
1321,,321 000.00
1321,,312 975.00
1322,,497 000.00
1322,,497 000.00
1323,,321 000.00
1323,,312 975.00
1324,,497 000.00
1324,,497 000.00
1325,,1 024 000.00
1325,,1 024 000.00
1326,,825 000.00
1330,,315 000.00
1330,,350 000.00
1331,,150 000.00
1331,,150 000.00
1332,,550 000.00
1332,,860 000.00
1333,,1 200 000.00
1334,,40 000.00
1335,,25 000.00
1336,,350 000.00
1336,,350 000.00
1337,,522 500.00
1337,,522 500.00
1338,,400 000.00
1338,,390 000.00
1339,,400 000.00
1340,,300 000.00
1340,,300 000.00
1341,,44 000.00
1347,,588 000.00
1350,,2 000 000.00
1351,,1 500 000.00
1352,,390 000.00
1353,,560 000.00
1400,,608 400.00
1400,,608 482.88
1401,,5 100.00
1401,,5 108.78
1402,,175 500.00
1402,,175 500.00
1403,,280 800.00
1403,,280 800.00
1407,,650 000.00
1407,,650 000.00
1408,,120 000.00
1408,,120 000.00
1409,,5 075.00
1409,,2 075.00
1411,,536 000.00
1411,,522 600.00
1412,,4 100.47
1412,,4 100.47
1600,,40.78
1600,,40.78
1601,,73.41
1601,,73.41
1602,,89.72
1602,,89.72
1603,,163.13
1603,,163.13
1604,,244.70
1604,,244.70
1605,,326.27
1605,,326.27
1606,,184.52
1606,,184.52
1607,,200.84
1607,,200.84
1608,,72.65
1608,,72.65
1609,,88.96
1609,,88.96
1610,,202.19
1610,,202.19
1611,,397.48
1611,,397.48
1612,,491.49
1612,,491.49
1613,,952.81
1613,,952.81
1614,,1 871.22
1614,,1 871.22
1615,,1 886.12
1615,,1 886.12
1616,,82.10
1616,,82.10
1617,,157.30
1617,,157.30
1618,,193.08
1618,,193.08
1619,,356.04
1619,,356.04
1620,,677.75
1620,,677.75
1621,,692.63
1621,,692.63
1622,,120.00
1622,,120.00
1629,,400 000.00
1634,,200 000.00
1634,,"200 000,00"
1635,,150 000.00
1635,,"150 000,00"
1636,,300 000.00
1636,,"300 000,00"
1637,,200 000.00
1637,,"200 000,00"
1638,,300 000.00
1638,,480 000.00
1639,,200 000.00
1640,,40 000.00
1641,,60 000.00
1642,,90 000.00
1650,,2 145.00
1650,,1 600.00
1651,,3 781.91
1651,,3 781.91
1653,,2 071.00
1653,,3 345.14
1654,,10 000.00
1654,,10 000.00
1655,,6 300.00
1655,,6 300.00
1658,,398 400.00
1658,,398 400.00
1659,,16 600.00
1659,,16 600.00
1660,,137 000.00
1660,,137 000.00
1661,,355 200.00
1661,,355 200.00
1662,,554 400.00
1662,,554 400.00
1663,,2 422.00
1663,,2 422.00
1664,,4 387.50
1664,,4 387.50
1667,,24 500.00
1667,,24 500.00
1668,,2 071.00
1668,,2 071.00
1671,,700 000.00
1671,,700 000.00
1672,,1 800.00
1672,,1 800.00
1673,,525 000.00
1673,,525 000.00
1675,,150 000.00
1675,,150 000.00
1678,,6 600.00
1678,,6 600.00
1680,,43 200.00
1682,,43 200.00
1740,15,716.89
1741,30,1 433.77
1761,4.8,289.86
1762,6,360.82
1763,30,1 780.11
1764,58,3 172.97
1765,34,1 860.02
1766,15,981.87
1800,,303 535.58
1801,,253 354.38
1806,,191 100.00
1807,,156 000.00
1807,,156 000.00
1813,,400 000.00
1813,,500 000.00
1818,,350 000.00
1818,,350 000.00
1819,,38.66
1819,,38.66
1820,,61.52
1820,,61.52
1821,,38.66
1821,,38.66
1825,,91 500.00
1825,,91 500.00
1826,,67.67
1826,,67.67
1830,,125 000.00
1830,,125 000.00
1831,,125 000.00
1831,,125 000.00
1832,,200 000.00
1836,,52.47
1836,,52.47
1837,,3 500.00
1837,,3 500.00
1838,,950.00
1838,,950.00
1839,,111 618.00
1841,,49 478.13
1841,,49 478.13
1845,,160.30
1845,,160.30
1846,,215 000.00
1856,,125 000.00
1859,,115.50
1861,,205 000.00
1868,,24.50
1900,,700 000.00
1900,,700 000.00
1901,,1 850 000.00
1901,,1 850 000.00
1902,,700 000.00
1902,,682 500.00
1903,,504 340.00
1903,,491 731.50
1908,,720 000.00
1908,,702 000.00
1909,,30 000.00
1909,,29 250.00
1910,,590 400.00
1910,,575 640.00
1911,,950 400.00
1911,,926 640.00
1914,,9 900.00
1914,,9 652.50
2002,,420 000.00
2002,,416 821.02
2003,,335 000.00
2003,,331 791.19
2831,11.8,222.44
2832,5.9,113.98
2833,3.9,77.22
2834,3,60.67
3020,,675.56
3020,,675.56
3023,,89 999.20
3023,,89 999.20
3050,,150 000.00
3051,,45 000.00
3051,,45 000.00
3056,,18 000.00
3056,,18 000.00
3061,,10 500.00
3061,,8 600.00
3062,,14 900.00
3062,,12 000.00
3210,,1 967 187.00
3219,,467.60
3219,,467.60
3220,,1 031.80
3220,,1 031.80
3221,,146.80
3221,,146.80
3222,,146.80
3222,,146.80
3223,,146.80
3223,,146.80
3224,,429.60
3224,,429.60
3225,,138.00
3225,,138.00
3226,,585.00
3226,,585.00
3227,,1 014.00
3227,,1 014.00
3228,,688.00
3228,,688.00
3229,,688.00
3229,,688.00
3230,,488.00
3230,,488.00
3231,,1 456.00
3231,,1 456.00
3232,,198 000.00
3232,,198 000.00
3233,,52 272.00
3233,,52 272.00
3234,,65 340.00
3234,,65 340.00
3235,,130 680.00
3235,,130 680.00
3236,,10 296.00
3237,,21 780.00
3237,,21 780.00
3238,,65 340.00
3238,,65 340.00
3239,,825 148.00
3239,,825 148.00
3273,,17 500 000.00
3274,,460 000.00
3275,,563 500.00
3276,,40 250.00
3277,,356 500.00
3278,,253 000.00
3279,,500 000.00
3280,,500 000.00
3281,,210 000.00
3282,,680 000.00
3282,,680 000.00
3284,,815.00
3285,,910.00
3304,,524 000.00
3305,,69 000.00
3581,1.94,38.39
3582,2.30,44.41
3671,2.29,42.48
3672,3.78,67.36
3673,2.86,52.00
3674,1,43.57
5020,,9 800 000.00
5021,,3 200 000.00
6041,,250 000.00
6059,,520 000.00
6060,,650 000.00
1807,,264 442.91
1807,,272 376.19
1807,,280 547.48
1813,,338 268.00
1813,,348 416.04
1813,,358 868.52
1819,,80.50
1819,,82.91
1819,,85.40
1820,,127.94
1820,,131.78
1820,,135.74
1821,,80.50
1821,,82.91
1821,,85.40
1831,,211 893.35
1831,,218 250.15
1831,,224 797.65
1833.1,,132 891.00
1833.1,,136 877.73
1833.1,,140 984.06
1836,,132.21
1836,,136.18
1836,,140.27
1837,,5 933.02
1837,,6 111.01
1837,,6 294.34
1838,,1 610.39
1838,,1 658.70
1838,,1 708.46
1845,,271.73
1845,,279.88
1845,,288.27
1846,,388 887.39
1846,,400 554.01
1846,,412 570.63
1859,,195.80
1859,,201.67
1859,,207.72
1868,,61.88
1868,,63.74
1868,,65.65
1870,,90 607.50
1870,,93 325.73
1870,,96 125.50
1120,,6 653.45
1120,,6 853.06
1120,,7 058.65
1121,,5 254.95
1121,,5 412.59
1121,,5 574.97
1002,,757 319.30
1002,,780 038.88
1002,,803 440.05
1003,,1 514.72
1003,,1 560.16
1003,,1 606.96
1033,,1 976 520.16
1033,,2 035 815.76
1033,,2 096 890.24
1005,,649 220.28
1005,,668 696.88
1005,,688 757.79
1305,,685 939.86
1305,,706 518.06
1305,,727 713.60
1331,,254 272.03
1331,,261 900.19
1331,,269 757.20
1355,,3 888 873.90
1355,,4 005 540.12
1355,,4 125 706.32
1355.1,,213 888.06
1355.1,,220 304.71
1355.1,,226 913.85
1306,,1 146 076.91
1306,,1 180 459.21
1306,,1 215 872.99
1306.2,,1 262 464.50
1306.2,,1 300 338.44
1306.2,,1 339 348.59
1307,,330 553.63
1307,,340 470.24
1307,,350 684.35
1308,,705 277.71
1308,,726 436.05
1308,,748 229.13
1309,,696 461.25
1309,,717 355.09
1309,,738 875.74
1310,,593 301.39
1310,,611 100.43
1310,,629 433.44
1311,,388 887.39
1311,,400 554.01
1311,,412 570.63
1312,,533 978.03
1312,,549 997.37
1312,,566 497.29
1315,,621 559.49
1315,,640 206.27
1315,,659 412.46
1316,,53 397.13
1316,,54 999.04
1316,,56 649.01
1321,,544 142.15
1321,,560 466.41
1321,,577 280.40
1323,,544 142.15
1323,,560 466.41
1323,,577 280.40
1324,,842 487.99
1324,,867 762.62
1324,,893 795.50
1330,,583 331.09
1330,,600 831.02
1330,,618 855.95
1314,,370 270.93
1314,,381 379.06
1314,,392 820.43
1352,,777 774.78
1352,,801 108.02
1352,,825 141.26
1338,,678 058.74
1338,,698 400.50
1338,,719 352.51
1345,,2 083 972.50
1345,,2 146 491.68
1345,,2 210 886.43
1340,,388 887.39
1340,,400 554.01
1340,,412 570.63
1341,,76 281.61
1341,,78 570.06
1341,,80 927.16
1347,,996 746.35
1347,,1 026 648.74
1347,,1 057 448.20
1357,,2 083 972.50
1357,,2 146 491.68
1357,,2 210 886.43
1357.1,,422 835.00
1357.1,,435 520.05
1357.1,,448 585.65
1357.2,,845 670.00
1357.2,,871 040.10
1357.2,,897 171.30
1359,,2 083 972.50
1359,,2 146 491.68
1359,,2 210 886.43
1360,,587 136.60
1360,,604 750.70
1360,,622 893.22
1361,,587 136.60
1361,,604 750.70
1361,,622 893.22
1362,,90 607.50
1362,,93 325.73
1362,,96 125.50
1363,,707 946.60
1363,,729 185.00
1363,,751 060.55
1364,,99 064.20
1364,,102 036.13
1364,,105 097.21
1365,,99 064.20
1365,,102 036.13
1365,,105 097.21
1366,,55 089.36
1366,,56 742.04
1366,,58 444.30
1367,,106 312.80
1367,,109 502.18
1367,,112 787.25
1367.1,,12 081.00
1367.1,,12 443.43
1367.1,,12 816.73
1368,,140 139.60
1368,,144 343.79
1368,,148 674.10
1369,,108 729.00
1369,,111 990.87
1369,,115 350.60
1369.1,,54 364.50
1369.1,,55 995.44
1369.1,,57 675.30
1370,,453 037.50
1370,,466 628.63
1370,,480 627.49
1370.1,,181 215.00
1370.1,,186 651.45
1370.1,,192 250.99
1371,,157 886.59
1371,,162 623.19
1371,,167 501.89
1371.1,,66 445.50
1371.1,,68 438.87
1371.1,,70 492.04
1372,,525 523.50
1372,,541 289.21
1372,,557 527.89
1372.1,,241 620.00
1372.1,,248 868.60
1372.1,,256 334.66
1400,,459 078.00
1400,,472 850.34
1400,,487 035.85
1401,,8 660.12
1401,,8 919.92
1401,,9 187.52
1402,,265 782.00
1402,,273 755.46
1402,,281 968.12
3020,,1 145.17
3020,,1 179.53
3020,,1 214.92
1900,,1 186 602.78
1900,,1 222 200.86
1900,,1 258 866.89
1901,,2 760 939.63
1901,,2 843 767.82
1901,,2 929 080.85
1902,,1 186 602.78
1902,,1 222 200.86
1902,,1 258 866.89
1903,,854 930.36
1903,,880 578.28
1903,,906 995.63
1908,,1 864 661.53
1908,,1 920 601.37
1908,,1 978 219.41
1909,,100 013.67
1909,,103 014.08
1909,,106 104.50
1910,,1 000 814.70
1910,,1 030 839.14
1910,,1 061 764.31
1911,,1 611 067.57
1911,,1 659 399.59
1911,,1 709 181.58
РМ,,50 854.41
РМ,,52 380.05
РМ,,53 951.45
1914,,16 781.96
1914,,17 285.42
1914,,17 803.98
1650,,6 543.42
1650,,6 739.72
1650,,6 941.91
1653,,4 308.87
1653,,4 438.14
1653,,4 571.28
1658,,675 346.49
1658,,695 606.89
1658,,716 475.10
1659,,28 139.44
1659,,28 983.62
1659,,29 853.13
1660,,232 235.12
1660,,239 202.17
1660,,246 378.24
1661,,602 116.16
1661,,620 179.64
1661,,638 785.03
1662,,939 789.40
1662,,967 983.08
1662,,997 022.57
1664,,7 628.16
1664,,7 857.01
1664,,8 092.72
1668,,4 308.87
1668,,4 438.14
1668,,4 571.28
1671,,1 872 492.78
1671,,1 928 667.57
1671,,1 986 527.60
1672,,4 369.15
1672,,4 500.22
1672,,4 635.23
1680,,121 087.87
1680,,124 720.50
1680,,128 462.12
1673,,972 218.48
1673,,1 001 385.03
1673,,1 031 426.58
1675,,395 304.03
1675,,407 163.15
1675,,419 378.04
1678,,13 731.61
1678,,14 143.56
1678,,14 567.87
3219,,1 492.55
3219,,1 537.33
3219,,1 583.45
3220,,2 006.27
3220,,2 066.46
3220,,2 128.45
3232,,335 639.07
3232,,345 708.24
3232,,356 079.49
3239,,1 699 079.58
3239,,1 750 051.97
3239,,1 802 553.53
3234.1,,6 600.00
3234.1,,6 798.00
3234.1,,7 001.94
3272,,279 373.13
3272,,287 754.32
3272,,296 386.95
1634,,339 029.37
1634,,349 200.25
1634,,359 676.26
1635,,254 272.03
1635,,261 900.19
1635,,269 757.20
1636,,508 544.05
1636,,523 800.37
1636,,539 514.38
1637,,339 029.37
1637,,349 200.25
1637,,359 676.26
1638,,508 544.05
1638,,523 800.37
1638,,539 514.38
1639,,339 029.37
1639,,349 200.25
1639,,359 676.26
